ingredient,slot,confidence,occurrences,rule,first_cocktail
"gin",spirit,high,109,"exact:gin","Vesper"
"vodka",spirit,high,61,"exact:vodka","Vesper"
"lemon juice",sour,high,49,"exact:lemon juice","Ramos Gin Fizz"
"lime juice",sour,high,40,"exact:lime juice","Ramos Gin Fizz"
"simple syrup",sweet,high,35,"exact:simple syrup","Vermouth Cocktail"
"dry vermouth",vermouth,high,35,"exact:dry vermouth","Chrysanthemum"
"angostura bitters",bitter,high,34,"exact:angostura bitters","Vermouth Cocktail"
"orange juice",sour,high,34,"exact:orange juice","Affair"
"lemon",sour,high,34,"exact:lemon","Boston Sour"
"sweet vermouth",vermouth,high,33,"exact:sweet vermouth","Vermouth Cocktail"
"fresh lemon juice",sour,high,32,"exact:fresh lemon juice","Amaretto Sour"
"sugar",sweet,high,29,"exact:sugar","Acapulco"
"grenadine",sweet,high,27,"exact:grenadine","Pink Lady"
"ice",modifier,high,25,"exact:ice","Broadside"
"fresh lime juice",sour,high,24,"exact:fresh lime juice","Fresh Gimlet"
"light rum",spirit,high,23,"regex:\b(rum|tequila|whiskey|whisky|bourbon|gi","Acapulco"
"lime",sour,high,23,"exact:lime","Bible Belt"
"powdered sugar",sweet,high,23,"exact:powdered sugar","Boston Sour"
"maraschino liqueur",amaro_liqueur,high,21,"exact:maraschino liqueur","Fancy-Free"
"triple sec",amaro_liqueur,high,21,"exact:triple sec","Applecar"
"amaretto",amaro_liqueur,high,19,"exact:amaretto","Amaretto Sour"
"lemon peel",aromatic,high,19,"exact:lemon peel","Allegheny"
"rum",spirit,high,18,"exact:rum","Between the Sheets (Classic)"
"orange bitters",bitter,high,17,"exact:orange bitters","Vermouth Cocktail"
"bourbon",spirit,high,17,"exact:bourbon","Improved Whiskey Cocktail"
"kahlua",amaro_liqueur,high,17,"exact:kahlua","Almeria"
"pineapple juice",modifier,high,17,"exact:pineapple juice","Algonquin"
"cognac",spirit,high,16,"exact:cognac","Stinger"
"coffee",modifier,high,16,"exact:coffee","Cafe Savoy"
"water",modifier,high,16,"exact:water","Coffee-Vodka"
"scotch",spirit,high,15,"exact:scotch","Cold Girl Fever"
"egg white",modifier,high,15,"exact:egg white","Ramos Gin Fizz"
"soda water",modifier,high,15,"exact:soda water","Ramos Gin Fizz"
"baileys irish cream",modifier,medium,15,"regex:\b(cream|milk|egg|yolk|albumen)\b","ABC"
"dark rum",spirit,high,15,"regex:^(white|gold|dark|spiced|aged|silver|añe","Adam"
"brandy",spirit,high,14,"exact:brandy","Exit Strategy"
"tequila",spirit,high,14,"exact:tequila","Downshift"
"bitters",bitter,high,13,"regex:\bbitters\b","Artillery"
"campari",amaro_liqueur,high,12,"exact:campari","Negroni"
"carbonated water",modifier,high,12,"exact:carbonated water","Chicago Fizz"
"orange",sour,high,12,"exact:orange","Gin Sour"
"rye",spirit,high,11,"exact:rye","Fancy-Free"
"maraschino cherry",amaro_liqueur,medium,11,"regex:\b(amaro|chartreuse|maraschino|benedicti","Bluebird"
"benedictine",amaro_liqueur,high,10,"exact:benedictine","Golden Boy"
"cranberry juice",modifier,high,10,"exact:cranberry juice","Affair"
"mint",aromatic,high,10,"exact:mint","Acapulco"
"151 proof rum",spirit,high,10,"regex:\b(rum|tequila|whiskey|whisky|bourbon|gi","Broadside"
"cherry",sweet,low,10,"regex:\b(peach|raspberry|strawberry|strawberri","Boston Sour"
"absinthe",spirit,high,9,"exact:absinthe","Chrysanthemum"
"apple brandy",spirit,high,9,"regex:\b(rum|tequila|whiskey|whisky|bourbon|gi","Normandie Club Old-Fashioned"
"orange liqueur",amaro_liqueur,medium,9,"regex:\bliqueur\b","The Field Marshall"
"green chartreuse",amaro_liqueur,high,9,"exact:green chartreuse","Smokescreen"
"milk",modifier,high,9,"exact:milk","Ace"
"grapefruit juice",sour,high,9,"exact:grapefruit juice","A. J."
"light cream",modifier,medium,9,"regex:\b(cream|milk|egg|yolk|albumen)\b","Alexander"
"peychauds bitters",bitter,high,8,"exact:peychauds bitters","Golden Boy"
"demerara gum syrup",sweet,medium,8,"regex:\bsyrup\b|\bnectar\b|\bcordial\b","Night Owl"
"white rum",spirit,high,8,"regex:^(white|gold|dark|spiced|aged|silver|añe","Hemingway Daiquiri"
"blanco tequila",spirit,high,8,"regex:^(white|gold|dark|spiced|aged|silver|añe","Jack Frost"
"tonic water",modifier,high,8,"exact:tonic water","AT&T"
"sambuca",amaro_liqueur,high,8,"exact:sambuca","B-53"
"sugar syrup",sweet,high,8,"exact:sugar syrup","Bramble"
"salt solution",aromatic,high,7,"exact:salt solution","Exit Strategy"
"blanc vermouth",vermouth,high,7,"exact:blanc vermouth","Dean Martin"
"club soda",modifier,high,7,"exact:club soda","Affair"
"nutmeg",aromatic,high,7,"exact:nutmeg","Alexander"
"ginger ale",modifier,high,7,"exact:ginger ale","Cream Soda"
"coca-cola",modifier,high,7,"exact:coca-cola","Cuba Libra"
"orange peel",aromatic,high,7,"exact:orange peel","French Negroni"
"red wine",amaro_liqueur,medium,7,"regex:\b(prosecco|champagne|cava|sparkling win","Mulled Wine"
"irish whiskey",spirit,high,6,"exact:irish whiskey","Cut and Paste"
"honey syrup",sweet,high,6,"exact:honey syrup","Cut and Paste"
"aperol",amaro_liqueur,high,6,"exact:aperol","High Five"
"cold seltzer",modifier,high,6,"exact:cold seltzer","Fish House Punch"
"lemonade",modifier,high,6,"exact:lemonade","Avalon"
"blended whiskey",spirit,high,6,"regex:\b(rum|tequila|whiskey|whisky|bourbon|gi","Algonquin"
"peach schnapps",sweet,low,6,"regex:\b(peach|raspberry|strawberry|strawberri","Bubble Gum"
"sweet and sour",modifier,high,6,"exact:sweet and sour","Bahama Mama"
"apricot brandy",spirit,high,6,"regex:\b(rum|tequila|whiskey|whisky|bourbon|gi","English Rose Cocktail"
"beer",modifier,high,6,"exact:beer","Flaming Dr. Pepper"
"chambord raspberry liqueur",amaro_liqueur,medium,6,"regex:\bliqueur\b","Jam Donut"
"calvados",spirit,high,5,"exact:calvados","Golden Boy"
"champagne",amaro_liqueur,medium,5,"regex:\b(prosecco|champagne|cava|sparkling win","Pretty Wings"
"pear brandy",spirit,high,5,"regex:\b(rum|tequila|whiskey|whisky|bourbon|gi","Celebrate"
"peach liqueur",amaro_liqueur,medium,5,"regex:\bliqueur\b","Last One Standing"
"lillet blanc",vermouth,high,5,"exact:lillet blanc","Vesper"
"pisco",spirit,high,5,"exact:pisco","Meyer Lemon Aperitif"
"1 egg white",modifier,medium,5,"regex:\b(cream|milk|egg|yolk|albumen)\b","Pisco Sour"
"cream",modifier,high,5,"exact:cream","Ramos Gin Fizz"
"vanilla extract",aromatic,high,5,"exact:vanilla extract","Ramos Gin Fizz"
"creme de cassis",amaro_liqueur,high,5,"exact:creme de cassis","Kir Royale"
"1 whole egg",modifier,medium,5,"regex:\b(cream|milk|egg|yolk|albumen)\b","Brandy Flip"
"grand marnier",amaro_liqueur,high,5,"exact:grand marnier","A1"
"blue curacao",amaro_liqueur,high,5,"exact:blue curacao","Bluebird"
"cherry brandy",spirit,high,5,"regex:\b(rum|tequila|whiskey|whisky|bourbon|gi","Cherry Rum"
"port",amaro_liqueur,medium,5,"exact:port","Chicago Fizz"
"elderflower cordial",sweet,medium,5,"regex:\bsyrup\b|\bnectar\b|\bcordial\b","Elderflower Caipirinha"
"honey",sweet,medium,5,"regex:\b(honey|agave|sugar)\b","Figgy Thyme"
"pineapple",sweet,low,5,"regex:\b(peach|raspberry|strawberry|strawberri","Frozen Pineapple Daiquiri"
"egg",modifier,high,5,"exact:egg","Port Wine Flip"
"aromatic bitters",bitter,high,4,"exact:aromatic bitters","Deadpan"
"dry champagne",amaro_liqueur,medium,4,"regex:\b(prosecco|champagne|cava|sparkling win","Champagne Cocktail"
"fino sherry",spirit,high,4,"exact:fino sherry","Celebrate"
"mezcal",spirit,high,4,"exact:mezcal","Touch and Go"
"cachaca",spirit,high,4,"exact:cachaca","Caipirinha"
"fresh orange juice",sour,high,4,"exact:fresh orange juice","Screwdriver"
"ounce demerara gum syrup",sweet,medium,4,"regex:\bsyrup\b|\bnectar\b|\bcordial\b","Brandy Flip"
"1 ounce heavy cream",modifier,medium,4,"regex:\b(cream|milk|egg|yolk|albumen)\b","Eggnog"
"creme de cacao",amaro_liqueur,high,4,"exact:creme de cacao","Alexander"
"crown royal",spirit,high,4,"exact:crown royal","Avalanche"
"midori melon liqueur",amaro_liqueur,medium,4,"regex:\bliqueur\b","Bob Marley"
"jagermeister",amaro_liqueur,high,4,"exact:jagermeister","Bob Marley"
"cointreau",amaro_liqueur,high,4,"exact:cointreau","Cosmopolitan"
"ginger beer",modifier,high,4,"exact:ginger beer","Dark and Stormy"
"malibu rum",spirit,high,4,"regex:\b(rum|tequila|whiskey|whisky|bourbon|gi","Grand Blue"
"cloves",aromatic,high,4,"exact:cloves","Hot Toddy"
"lemon-lime soda",modifier,medium,4,"regex:\b(soda|tonic|ginger\s*beer|ginger\s*ale","National Aquarium"
"sherry",spirit,high,4,"exact:sherry","Queen Bee"
"cane sugar syrup",sweet,high,3,"exact:cane sugar syrup","Ti’ Punch"
"white creme de menthe",amaro_liqueur,high,3,"exact:white creme de menthe","Stinger"
"amaro",amaro_liqueur,medium,3,"regex:\b(amaro|chartreuse|maraschino|benedicti","Pop Quiz"
"mole bitters",bitter,high,3,"exact:mole bitters","Pop Quiz"
"peated islay scotch",spirit,high,3,"regex:\b(rum|tequila|whiskey|whisky|bourbon|gi","Cold Girl Fever"
"1 sugar cube",sweet,medium,3,"regex:\b(honey|agave|sugar)\b","Champagne Cocktail"
"cinnamon syrup",sweet,high,3,"exact:cinnamon syrup","Celebrate"
"amontillado sherry",spirit,high,3,"exact:amontillado sherry","Camellia Julep"
"absinthe for rinse",spirit,high,3,"regex:\b(rum|tequila|whiskey|whisky|bourbon|gi","Cut and Paste"
"banana liqueur",amaro_liqueur,medium,3,"regex:\bliqueur\b","Bananarac"
"old tom gin",spirit,high,3,"exact:old tom gin","Martinez"
"elderflower liqueur",amaro_liqueur,high,3,"exact:elderflower liqueur","Abbot Kinney"
"verjus blanc",sour,low,3,"regex:\b(lemon|lime|orange|grapefruit|cranberr","Abbot Kinney"
"fresh grapefruit juice",sour,high,3,"exact:fresh grapefruit juice","Hemingway Daiquiri"
"blended scotch",spirit,high,3,"regex:\b(rum|tequila|whiskey|whisky|bourbon|gi","Smoke and Mirrors"
"ginger syrup",sweet,high,3,"exact:ginger syrup","Moscow Mule"
"seltzer",modifier,high,3,"exact:seltzer","Moscow Mule"
"dry curacao orange liqueur",amaro_liqueur,medium,3,"regex:\bliqueur\b","Sidecar (Our Ideal Recipe)"
"yellow chartreuse",amaro_liqueur,high,3,"exact:yellow chartreuse","La Valencia"
"cold prosecco",amaro_liqueur,medium,3,"regex:\b(prosecco|champagne|cava|sparkling win","Negroni Sbagliato"
"london dry gin",spirit,high,3,"regex:\b(rum|tequila|whiskey|whisky|bourbon|gi","Gin and Tonic"
"1 ounce white creme de cacao",amaro_liqueur,medium,3,"regex:\b(creme de|crème de)\b","Brandy Alexander"
"4 ounces almond milk",modifier,medium,3,"regex:\b(cream|milk|egg|yolk|albumen)\b","Almond Orchard"
"apple juice",modifier,high,3,"exact:apple juice","Avalon"
"vermouth",vermouth,high,3,"regex:\bvermouth\b","Addison"
"blackberry brandy",spirit,high,3,"regex:\b(rum|tequila|whiskey|whisky|bourbon|gi","Allegheny"
"goldschlager",amaro_liqueur,high,3,"exact:goldschlager","Big Red"
"galliano",amaro_liqueur,high,3,"exact:galliano","Barracuda"
"prosecco",amaro_liqueur,medium,3,"regex:\b(prosecco|champagne|cava|sparkling win","Barracuda"
"bacardi limon",spirit,high,3,"exact:bacardi limon","Buccaneer"
"everclear",spirit,high,3,"exact:everclear","Brain Fart"
"southern comfort",amaro_liqueur,high,3,"exact:southern comfort","Bible Belt"
"sour mix",modifier,high,3,"exact:sour mix","Bible Belt"
"spiced rum",spirit,high,3,"regex:^(white|gold|dark|spiced|aged|silver|añe","Cream Soda"
"falernum",amaro_liqueur,high,3,"exact:falernum","Corn n Oil"
"wine",amaro_liqueur,medium,3,"regex:\b(prosecco|champagne|cava|sparkling win","Clove Cocktail"
"sprite",modifier,high,3,"exact:sprite","Downshift"
"olive",aromatic,high,3,"exact:olive","Dry Martini"
"pepper",aromatic,high,3,"exact:pepper","Duchamp's Punch"
"whiskey",spirit,high,3,"exact:whiskey","Damned if you do"
"coffee liqueur",amaro_liqueur,medium,3,"regex:\bliqueur\b","Empellón Cocina's Fat-Washed Mezcal"
"strawberries",sweet,low,3,"regex:\b(peach|raspberry|strawberry|strawberri","Frosé"
"tabasco sauce",aromatic,high,3,"exact:tabasco sauce","Fahrenheit 5000"
"orange spiral",sour,low,3,"regex:\b(lemon|lime|orange|grapefruit|cranberr","Gin Cooler"
"cinnamon",aromatic,high,3,"exact:cinnamon","Hot Toddy"
"anis",aromatic,high,3,"exact:anis","Jelly Bean"
"whipped cream",modifier,medium,3,"regex:\b(cream|milk|egg|yolk|albumen)\b","Jamaican Coffee"
"kool-aid",modifier,high,3,"exact:kool-aid","Kool First Aid"
"tomato juice",modifier,high,3,"exact:tomato juice","Michelada"
"orgeat syrup",sweet,medium,3,"regex:\bsyrup\b|\bnectar\b|\bcordial\b","Mauresque"
"7-up",modifier,high,3,"exact:7-up","Radler"
"salt",aromatic,high,3,"exact:salt","Salty Dog"
"root beer",modifier,high,3,"exact:root beer","Zoksel"
"rye whiskey",spirit,high,3,"exact:rye whiskey","Remember the Maine"
"amaro nonino",amaro_liqueur,high,2,"exact:amaro nonino","Exit Strategy"
"rhum agricole blanc",spirit,high,2,"exact:rhum agricole blanc","Ti’ Punch"
"celery bitters",bitter,high,2,"exact:celery bitters","Snowbird"
"vanilla liqueur",amaro_liqueur,medium,2,"regex:\bliqueur\b","Deadpan"
"white creme de cacao",amaro_liqueur,high,2,"exact:white creme de cacao","Bad Santa"
"white mint liqueur",amaro_liqueur,medium,2,"regex:\bliqueur\b","Bad Santa"
"reposado tequila",spirit,high,2,"regex:^(white|gold|dark|spiced|aged|silver|añe","Celebrate"
"pear liqueur",amaro_liqueur,medium,2,"regex:\bliqueur\b","Heritage Julep"
"dry sack sherry",spirit,high,2,"exact:dry sack sherry","Mea Culpa"
"apricot liqueur",amaro_liqueur,medium,2,"regex:\bliqueur\b","Mea Culpa"
"china-china amer bittersweet liqueur",amaro_liqueur,medium,2,"regex:\bliqueur\b","Mea Culpa"
"suze gentian liqueur",amaro_liqueur,medium,2,"regex:\bliqueur\b","White Negroni"
"4 mint leaves",aromatic,medium,2,"regex:\b(twist|peel|garnish|sprig|leaf|leaves)","Smoke and Mirrors"
"5 mint leaves",aromatic,medium,2,"regex:\b(twist|peel|garnish|sprig|leaf|leaves)","Kentucky Maid"
"vanilla lactic syrup",sweet,medium,2,"regex:\bsyrup\b|\bnectar\b|\bcordial\b","Pompadour"
"manzanilla sherry",spirit,high,2,"exact:manzanilla sherry","La Valencia"
"cold cola",modifier,high,2,"exact:cold cola","Twist of Menton"
"bitter red aperitif",amaro_liqueur,high,2,"exact:bitter red aperitif","Americano"
"citric acid solution",sour,medium,2,"regex:\bcitric acid\b|\bphosphoric acid\b|\bma","Nobody’s Robots"
"cold dry sparkling wine",amaro_liqueur,medium,2,"regex:\b(prosecco|champagne|cava|sparkling win","Mimosa"
"1 ounces cognac",spirit,high,2,"regex:\b(rum|tequila|whiskey|whisky|bourbon|gi","Brandy Flip"
"1 ounce cognac",spirit,high,2,"regex:\b(rum|tequila|whiskey|whisky|bourbon|gi","Coffee Cocktail"
"ounce simple syrup",sweet,medium,2,"regex:\bsyrup\b|\bnectar\b|\bcordial\b","Coffee Cocktail"
"1 teaspoon vanilla liqueur",amaro_liqueur,medium,2,"regex:\bliqueur\b","Eggnog"
"ounce cane sugar syrup",sweet,medium,2,"regex:\bsyrup\b|\bnectar\b|\bcordial\b","Eggnog"
"ounce heavy cream",modifier,medium,2,"regex:\b(cream|milk|egg|yolk|albumen)\b","New York Flip"
"2 drops lactic acid solution",sour,medium,2,"regex:\bcitric acid\b|\bphosphoric acid\b|\bma","Almond Orchard"
"1 drop salt solution",aromatic,medium,2,"regex:\b(chili|chile|red\s*chili|pepper\s*flak","Almond Orchard"
"ounce dark robust maple syrup",sweet,medium,2,"regex:\bsyrup\b|\bnectar\b|\bcordial\b","Barnaby Jones"
"1 ounce coffee liqueur",amaro_liqueur,medium,2,"regex:\bliqueur\b","White Russian"
"2 ounces heavy cream",modifier,medium,2,"regex:\b(cream|milk|egg|yolk|albumen)\b","Irish Coffee"
"ounce brown butter-infused apple brandy",spirit,high,2,"regex:\b(rum|tequila|whiskey|whisky|bourbon|gi","Hans Gruber"
"05 oz simple syrup",sweet,medium,2,"regex:\bsyrup\b|\bnectar\b|\bcordial\b","Hurricane"
"heavy cream",modifier,high,2,"exact:heavy cream","Ace"
"applejack",spirit,high,2,"exact:applejack","A. J."
"irish cream",amaro_liqueur,high,2,"exact:irish cream","Big Red"
"cherry heering",amaro_liqueur,high,2,"exact:cherry heering","Brigadier"
"corona",modifier,high,2,"exact:corona","Buccaneer"
"surge",modifier,high,2,"exact:surge","Brain Fart"
"sloe gin",spirit,high,2,"regex:\b(rum|tequila|whiskey|whisky|bourbon|gi","Blackthorn"
"vanilla ice-cream",modifier,medium,2,"regex:\b(cream|milk|egg|yolk|albumen)\b","Baby Eskimo"
"lager",modifier,high,2,"exact:lager","Campari Beer"
"egg yolk",modifier,high,2,"exact:egg yolk","Casino Royale"
"chocolate liqueur",amaro_liqueur,medium,2,"regex:\bliqueur\b","Chocolate Milk"
"peach bitters",bitter,high,2,"regex:\bbitters\b","Derby"
"fruit punch",modifier,high,2,"exact:fruit punch","Downshift"
"hot damn",amaro_liqueur,high,2,"exact:hot damn","Damned if you do"
"tea",modifier,high,2,"exact:tea","Herbal flame"
"blackberries",sweet,low,2,"regex:\b(peach|raspberry|strawberry|strawberri","Hunter's Moon"
"ginger",aromatic,high,2,"exact:ginger","Halloween Punch"
"half-and-half",modifier,high,2,"exact:half-and-half","Irish Cream"
"jack daniels",spirit,high,2,"exact:jack daniels","Jackhammer"
"schweppes russchian",modifier,high,2,"exact:schweppes russchian","Kiss me Quick"
"drambuie",amaro_liqueur,high,2,"exact:drambuie","Loch Lomond"
"coconut liqueur",amaro_liqueur,medium,2,"regex:\bliqueur\b","Lazy Coconut Paloma"
"worcestershire sauce",aromatic,high,2,"exact:worcestershire sauce","Michelada"
"pepsi cola",modifier,high,2,"exact:pepsi cola","Mudslinger"
"mango",sweet,low,2,"regex:\b(peach|raspberry|strawberry|strawberri","Mango Mojito"
"frangelico",amaro_liqueur,high,2,"exact:frangelico","Nutty Irishman"
"rosemary syrup",sweet,medium,2,"regex:\bsyrup\b|\bnectar\b|\bcordial\b","Orange Rosemary Collins"
"rosemary",aromatic,high,2,"exact:rosemary","Orange Rosemary Collins"
"raspberry syrup",sweet,medium,2,"regex:\bsyrup\b|\bnectar\b|\bcordial\b","Quaker's Cocktail"
"creme de banane",amaro_liqueur,medium,2,"regex:\b(creme de|crème de)\b","San Francisco"
"apple",sweet,low,2,"regex:\b(peach|raspberry|strawberry|strawberri","Sweet Sangria"
"agave syrup",sweet,high,2,"exact:agave syrup","Winter Paloma"
"zima",modifier,high,2,"exact:zima","Zima Blaster"
"fernet-branca",amaro_liqueur,high,2,"exact:fernet-branca","Hanky Panky"
"bourbon whiskey",spirit,high,2,"regex:\b(rum|tequila|whiskey|whisky|bourbon|gi","Paper Plane"
"raisin-infused scotch",spirit,high,1,"regex:\b(rum|tequila|whiskey|whisky|bourbon|gi","Golden Boy"
"rainwater madeira",spirit,high,1,"exact:rainwater madeira","Golden Boy"
"amaro meletti",amaro_liqueur,high,1,"exact:amaro meletti","Exit Strategy"
"cacao nib-infused amaro",amaro_liqueur,medium,1,"regex:\b(amaro|chartreuse|maraschino|benedicti","Night Owl"
"toasted pecan bitters",bitter,high,1,"regex:\bbitters\b","Night Owl"
"coconut-infused bourbon",spirit,high,1,"regex:\b(rum|tequila|whiskey|whisky|bourbon|gi","Normandie Club Old-Fashioned"
"spiced almond demerara gum syrup",sweet,high,1,"exact:spiced almond demerara gum syrup","Normandie Club Old-Fashioned"
"cardamom-infused elderflower liqueur",amaro_liqueur,medium,1,"regex:\bliqueur\b","Snowbird"
"raisin honey syrup",sweet,high,1,"exact:raisin honey syrup","Cold Girl Fever"
"castillian bitters",bitter,high,1,"regex:\bbitters\b","Ned Ryerson"
"sesame-infused rum",spirit,high,1,"regex:\b(rum|tequila|whiskey|whisky|bourbon|gi","Deadpan"
"solera sherry",spirit,high,1,"exact:solera sherry","Deadpan"
"bonded apple brandy",spirit,high,1,"regex:\b(rum|tequila|whiskey|whisky|bourbon|gi","Autumn Old-Fashioned"
"bas-armagnac",spirit,high,1,"exact:bas-armagnac","Autumn Old-Fashioned"
"peated scotch",spirit,high,1,"regex:\b(rum|tequila|whiskey|whisky|bourbon|gi","Autumn Old-Fashioned"
"dark maple syrup",sweet,medium,1,"regex:\bsyrup\b|\bnectar\b|\bcordial\b","Autumn Old-Fashioned"
"cocoa butter-infused vodka",spirit,high,1,"regex:\b(rum|tequila|whiskey|whisky|bourbon|gi","Bad Santa"
"amburana cachaca",spirit,high,1,"exact:amburana cachaca","Beach Bonfire"
"pineapple gum syrup",sweet,high,1,"exact:pineapple gum syrup","Beach Bonfire"
"armagnac",spirit,high,1,"exact:armagnac","The Field Marshall"
"chamomile-infused americano aperitif",,unknown,1,"no-match","Pretty Wings"
"gentian liqueur",amaro_liqueur,medium,1,"regex:\bliqueur\b","Pretty Wings"
"grapefruit bitters",bitter,high,1,"regex:\bbitters\b","Pretty Wings"
"champagne acid solution",amaro_liqueur,medium,1,"regex:\b(prosecco|champagne|cava|sparkling win","Celebrate"
"jamaican pot still gold rum",spirit,high,1,"regex:\b(rum|tequila|whiskey|whisky|bourbon|gi","Last One Standing"
"phosphoric acid solution",sour,medium,1,"regex:\bcitric acid\b|\bphosphoric acid\b|\bma","Heritage Julep"
"cacao nib-infused pear brandy",spirit,high,1,"regex:\b(rum|tequila|whiskey|whisky|bourbon|gi","Camellia Julep"
"absinthe for rinsing the glass",spirit,high,1,"regex:\b(rum|tequila|whiskey|whisky|bourbon|gi","Sazerac"
"sour cherry-infused rye",spirit,high,1,"regex:\b(rum|tequila|whiskey|whisky|bourbon|gi","Save Tonight"
"absinthe as seasoning",spirit,high,1,"regex:\b(rum|tequila|whiskey|whisky|bourbon|gi","Save Tonight"
"douglas fir brandy",spirit,high,1,"regex:\b(rum|tequila|whiskey|whisky|bourbon|gi","Dean Martin"
"white honey syrup",sweet,high,1,"exact:white honey syrup","Normandie Club Martini #1"
"root beer-infused americano aperitif",modifier,medium,1,"regex:\b(juice|nectar|water|cola|beer|lager|st","Little Victory"
"orange marmalade",sour,low,1,"regex:\b(lemon|lime|orange|grapefruit|cranberr","Little Victory"
"house orange bitters",bitter,high,1,"regex:\bbitters\b","Martinez"
"blood orange-infused sweet vermouth",vermouth,high,1,"regex:\bvermouth\b","Blood Orange"
"aviation gin or a spicy contemporary gin",spirit,high,1,"regex:\b(rum|tequila|whiskey|whisky|bourbon|gi","Beth's Going to Town"
"amaro ramazzotti",amaro_liqueur,high,1,"exact:amaro ramazzotti","Beth's Going to Town"
"strega liqueur",amaro_liqueur,medium,1,"regex:\bliqueur\b","European Union"
"watercress-infused gin",spirit,high,1,"regex:\b(rum|tequila|whiskey|whisky|bourbon|gi","Watercress"
"clarified strawberry syrup",sweet,medium,1,"regex:\bsyrup\b|\bnectar\b|\bcordial\b","Strawberry Negroni"
"cacao nib tincture",aromatic,medium,1,"regex:\b(extract|tincture|essence|infusion|red","Strawberry Negroni"
"dry unoaked chardonnay",amaro_liqueur,low,1,"regex:\b(chardonnay|riesling|sauvignon|pinot|m","Sonoma"
"meyer lemon zest",aromatic,medium,1,"regex:\b(berries|fruits|herbs|spice|flower|pet","Meyer Lemon Aperitif"
"berry liqueur creme yvette",amaro_liqueur,medium,1,"regex:\bliqueur\b","Cat Video"
"singani",spirit,medium,1,"exact:singani","Cat Video"
"3 slices cucumber",aromatic,medium,1,"regex:\b(chili|chile|red\s*chili|pepper\s*flak","Kentucky Maid"
"aged rhum agricole",spirit,medium,1,"exact:aged rhum agricole","Pompadour"
"pineau des charentes",amaro_liqueur,medium,1,"exact:pineau des charentes","Pompadour"
"jamaican rum",spirit,high,1,"regex:^(white|gold|dark|spiced|aged|silver|añe","Mai Tai"
"orgeat",sweet,high,1,"exact:orgeat","Mai Tai"
"basil stem syrup",sweet,medium,1,"regex:\bsyrup\b|\bnectar\b|\bcordial\b","Touch and Go"
"12 mandarin orange",sour,low,1,"regex:\b(lemon|lime|orange|grapefruit|cranberr","Touch and Go"
"1 whole lime muddled",sour,low,1,"regex:\b(lemon|lime|orange|grapefruit|cranberr","Caipirinha"
"dry sparkling wine",amaro_liqueur,medium,1,"regex:\b(prosecco|champagne|cava|sparkling win","French 75"
"aged rum",spirit,high,1,"regex:^(white|gold|dark|spiced|aged|silver|añe","Old Cuban"
"6 mint leaves",aromatic,medium,1,"regex:\b(twist|peel|garnish|sprig|leaf|leaves)","Old Cuban"
"orange flower water",aromatic,medium,1,"regex:\b(berries|fruits|herbs|spice|flower|pet","Ramos Gin Fizz"
"fresh grapefruitlemon juices",,unknown,1,"no-match","Grapefruit Collins"
"wheat beer",modifier,medium,1,"regex:\b(juice|nectar|water|cola|beer|lager|st","Accidental Guru"
"simple syrup increased amount",sweet,medium,1,"regex:\bsyrup\b|\bnectar\b|\bcordial\b","Margarita (Sweet)"
"jamaican reserve blend rum",spirit,high,1,"regex:\b(rum|tequila|whiskey|whisky|bourbon|gi","Between the Sheets (Our Ideal Recipe)"
"white lady classic variation",,unknown,1,"no-match","Between the Sheets (Our Ideal Recipe)"
"last word classic",,unknown,1,"no-match","20th Century"
"amaro specifically montenegro",amaro_liqueur,medium,1,"regex:\b(amaro|chartreuse|maraschino|benedicti","Crop Top"
"grapefruit liqueur creme de pamplemousse",amaro_liqueur,medium,1,"regex:\bliqueur\b","Crop Top"
"lillet rose",sweet,low,1,"regex:\b(peach|raspberry|strawberry|strawberri","Peaches and Smoke"
"peated islay scotch used as seasoning",spirit,high,1,"regex:\b(rum|tequila|whiskey|whisky|bourbon|gi","Peaches and Smoke"
"1 muddled peach wedge",sweet,low,1,"regex:\b(peach|raspberry|strawberry|strawberri","Peaches and Smoke"
"pinot noir grappa",spirit,high,1,"regex:\b(rum|tequila|whiskey|whisky|bourbon|gi","Beausoleil"
"limoncello",amaro_liqueur,high,1,"exact:limoncello","Beausoleil"
"absinthe 2 dashes",spirit,high,1,"regex:\b(rum|tequila|whiskey|whisky|bourbon|gi","Corpse Reviver #2"
"chamomile-infused rye whiskey",spirit,high,1,"regex:\b(rum|tequila|whiskey|whisky|bourbon|gi","La Valencia"
"reserve blend rum",spirit,high,1,"regex:\b(rum|tequila|whiskey|whisky|bourbon|gi","Fish House Punch"
"americano bianco",amaro_liqueur,medium,1,"exact:americano bianco","Chatham Cocktail"
"puerto fino sherry",amaro_liqueur,medium,1,"exact:puerto fino sherry","Chatham Cocktail"
"grand marnier orange liqueur",amaro_liqueur,medium,1,"regex:\bliqueur\b","Chatham Cocktail"
"pinch of salt",aromatic,medium,1,"regex:\b(chili|chile|red\s*chili|pepper\s*flak","Chatham Cocktail"
"amaro specifically nonino",amaro_liqueur,medium,1,"regex:\b(amaro|chartreuse|maraschino|benedicti","Twist of Menton"
"strawberry cream syrup",sweet,medium,1,"regex:\bsyrup\b|\bnectar\b|\bcordial\b","Twist of Menton"
"long island iced tea",modifier,medium,1,"regex:\b(coffee|tea|cold brew|espresso|matcha)","Twist of Menton"
"grapefruit liqueur",amaro_liqueur,medium,1,"regex:\bliqueur\b","Paloma"
"cold grapefruit soda",modifier,medium,1,"regex:\b(soda|tonic|ginger\s*beer|ginger\s*ale","Paloma"
"citric acid solution if needed",sour,medium,1,"regex:\bcitric acid\b|\bphosphoric acid\b|\bma","Screwdriver"
"cold tonic water",modifier,medium,1,"regex:\b(soda|tonic|ginger\s*beer|ginger\s*ale","Gin and Tonic"
"house grenadine",modifier,medium,1,"exact:house grenadine","Tequila Sunrise"
"herbal liqueur galliano",amaro_liqueur,medium,1,"regex:\bliqueur\b","Harvey Wallbanger"
"basic bloody mary mix",modifier,medium,1,"exact:basic bloody mary mix","Bloody Mary (Classic Variation)"
"jalapeno-infused vodka",spirit,high,1,"regex:\b(rum|tequila|whiskey|whisky|bourbon|gi","Bloody Mary Verde"
"verde mix tomatillo-based",,unknown,1,"no-match","Bloody Mary Verde"
"clarified orange juice",sour,high,1,"regex:\b(lemon|lime|orange|grapefruit|yuzu|ver","Nobody’s Robots"
"orange extract",aromatic,medium,1,"regex:\b(extract|tincture|essence|infusion|red","Nobody’s Robots"
"aquavit",spirit,high,1,"exact:aquavit","Normandie Club Bloody Mary"
"normandie club bloody mary mix",modifier,medium,1,"regex:\b(soda|tonic|ginger\s*beer|ginger\s*ale","Normandie Club Bloody Mary"
"fresh peach puree",sweet,low,1,"regex:\b(peach|raspberry|strawberry|strawberri","Bellini"
"apple celery soda",modifier,medium,1,"regex:\b(soda|tonic|ginger\s*beer|ginger\s*ale","Apple Pop"
"cold dry champagne",amaro_liqueur,medium,1,"regex:\b(prosecco|champagne|cava|sparkling win","Kir Royale"
"gentian liqueur suze",amaro_liqueur,medium,1,"regex:\bliqueur\b","Daisy Chain"
"normandy sparkling apple cider",modifier,medium,1,"regex:\b(soda|tonic|ginger\s*beer|ginger\s*ale","Daisy Chain"
"crisp white or rose wine",amaro_liqueur,medium,1,"regex:\b(prosecco|champagne|cava|sparkling win","Wine Spritz / Improved Wine Spritz"
"optional fresh lemon juice simple syrup",sour,high,1,"regex:\b(lemon|lime|orange|grapefruit|yuzu|ver","Wine Spritz / Improved Wine Spritz"
"birch-infused sweet vermouth",vermouth,high,1,"regex:\bvermouth\b","King’s Landing"
"cold cava",amaro_liqueur,medium,1,"regex:\b(prosecco|champagne|cava|sparkling win","King’s Landing"
"spirit base vermouth brandy or tequilapisco",spirit,high,1,"regex:\b(rum|tequila|whiskey|whisky|bourbon|gi","Normandie Club Spritz #1 & #3"
"clarified juices cucumber lime or grapefruit",sour,low,1,"regex:\b(lemon|lime|orange|grapefruit|cranberr","Normandie Club Spritz #1 & #3"
"co2",modifier,medium,1,"exact:co2","Normandie Club Spritz #1 & #3"
"co2 bottle",modifier,medium,1,"exact:co2 bottle","Normandie Club Spritz #1 & #3"
"1 ounces tawny port",,unknown,1,"no-match","Coffee Cocktail"
"ounce rum",spirit,high,1,"regex:\b(rum|tequila|whiskey|whisky|bourbon|gi","Eggnog"
"ounce cognac",spirit,high,1,"regex:\b(rum|tequila|whiskey|whisky|bourbon|gi","Eggnog"
"1 ounce bourbon",spirit,high,1,"regex:\b(rum|tequila|whiskey|whisky|bourbon|gi","New York Flip"
"ounce tawny port",,unknown,1,"no-match","New York Flip"
"1 egg yolk",modifier,medium,1,"regex:\b(cream|milk|egg|yolk|albumen)\b","New York Flip"
"1 ounces tea-infused apple brandy",spirit,high,1,"regex:\b(rum|tequila|whiskey|whisky|bourbon|gi","Almond Orchard"
"teaspoon maraschino liqueur",amaro_liqueur,medium,1,"regex:\bliqueur\b","Almond Orchard"
"1 ounces scotch",spirit,high,1,"regex:\b(rum|tequila|whiskey|whisky|bourbon|gi","Barnaby Jones"
"ounce artichoke-based amaro",amaro_liqueur,medium,1,"regex:\b(amaro|chartreuse|maraschino|benedicti","Barnaby Jones"
"12 coffee beans",modifier,medium,1,"regex:\b(coffee|tea|cold brew|espresso|matcha)","Barnaby Jones"
"1 orange half wheel",sour,low,1,"regex:\b(lemon|lime|orange|grapefruit|cranberr","Jump in the Line"
"strawberry",sweet,low,1,"regex:\b(peach|raspberry|strawberry|strawberri","Jump in the Line"
"1 ounces amontillado sherry",,unknown,1,"no-match","Jump in the Line"
"ounce amaro",amaro_liqueur,medium,1,"regex:\b(amaro|chartreuse|maraschino|benedicti","Jump in the Line"
"ounce rhum agricole",,unknown,1,"no-match","Jump in the Line"
"1 teaspoon dry curacao",amaro_liqueur,medium,1,"regex:\b(amaro|chartreuse|maraschino|benedicti","Jump in the Line"
"ounce coconut cream",modifier,medium,1,"regex:\b(cream|milk|egg|yolk|albumen)\b","Jump in the Line"
"1 dash bitters",bitter,high,1,"regex:\bbitters\b","Jump in the Line"
"1 ounces vodka",spirit,high,1,"regex:\b(rum|tequila|whiskey|whisky|bourbon|gi","White Russian"
"1 ounce half-and-half",modifier,high,1,"exact:half-and-half","White Russian"
"1 ounces irish whiskey",spirit,high,1,"regex:\b(rum|tequila|whiskey|whisky|bourbon|gi","Irish Coffee"
"3 ounces hot brewed coffee",modifier,medium,1,"regex:\b(coffee|tea|cold brew|espresso|matcha)","Irish Coffee"
"1 ounce white creme de menthe",amaro_liqueur,medium,1,"regex:\b(creme de|crème de)\b","Grasshopper"
"8 mint leaves",aromatic,medium,1,"regex:\b(twist|peel|garnish|sprig|leaf|leaves)","Grasshopper"
"1 ounce rum",spirit,high,1,"regex:\b(rum|tequila|whiskey|whisky|bourbon|gi","Tom and Jerry"
"2 ounces tom and jerry batter",,unknown,1,"no-match","Tom and Jerry"
"2 ounces hot milk",modifier,medium,1,"regex:\b(cream|milk|egg|yolk|albumen)\b","Tom and Jerry"
"1 ounce herbal liqueur",amaro_liqueur,medium,1,"regex:\bliqueur\b","Golden Cadillac"
"2 ounces white rum",spirit,high,1,"regex:\b(rum|tequila|whiskey|whisky|bourbon|gi","Piña Colada"
"ounce black strap rum",spirit,high,1,"regex:\b(rum|tequila|whiskey|whisky|bourbon|gi","Piña Colada"
"1 ounces fresh pineapple juice",modifier,medium,1,"regex:\b(juice|nectar|water|cola|beer|lager|st","Piña Colada"
"1 ounces coconut cream",modifier,medium,1,"regex:\b(cream|milk|egg|yolk|albumen)\b","Piña Colada"
"1 ounce vodka",spirit,high,1,"regex:\b(rum|tequila|whiskey|whisky|bourbon|gi","Frozen Mudslide"
"1 ounces irish cream",modifier,medium,1,"regex:\b(cream|milk|egg|yolk|albumen)\b","Frozen Mudslide"
"3 scoops vanilla or coffee ice cream",modifier,medium,1,"regex:\b(cream|milk|egg|yolk|albumen)\b","Frozen Mudslide"
"1 ounce toasted pecan-infused rum",spirit,high,1,"regex:\b(rum|tequila|whiskey|whisky|bourbon|gi","Hans Gruber"
"1 ounce pedro ximenez sherry",spirit,high,1,"exact:pedro ximenez sherry","Hans Gruber"
"3 drops salt solution",aromatic,medium,1,"regex:\b(chili|chile|red\s*chili|pepper\s*flak","Hans Gruber"
"ounce 7-year rum",spirit,high,1,"regex:\b(rum|tequila|whiskey|whisky|bourbon|gi","Indulge"
"1 teaspoon amaretto",,unknown,1,"no-match","Indulge"
"ounce spiced almond demerara gum syrup",sweet,medium,1,"regex:\bsyrup\b|\bnectar\b|\bcordial\b","Indulge"
"1 ounce cachaca",spirit,high,1,"regex:\b(rum|tequila|whiskey|whisky|bourbon|gi","Saturday Morning Cartoons"
"ounce cacao nib tincture",aromatic,medium,1,"regex:\b(extract|tincture|essence|infusion|red","Saturday Morning Cartoons"
"ounce vanilla liqueur",amaro_liqueur,medium,1,"regex:\bliqueur\b","Saturday Morning Cartoons"
"2 oz dark rum",spirit,high,1,"regex:\b(rum|tequila|whiskey|whisky|bourbon|gi","Hurricane"
"2 oz light rum",spirit,high,1,"regex:\b(rum|tequila|whiskey|whisky|bourbon|gi","Hurricane"
"2 oz passion fruit puree",sour,low,1,"regex:\b(lemon|lime|orange|grapefruit|cranberr","Hurricane"
"1 oz orange juice",sour,high,1,"regex:\b(lemon|lime|orange|grapefruit|yuzu|ver","Hurricane"
"1 oz lime juice",sour,high,1,"regex:\b(lemon|lime|orange|grapefruit|yuzu|ver","Hurricane"
"05 oz grenadine",sweet,medium,1,"regex:\b(sirup|nectar|cordial|grenadine)\b","Hurricane"
"15 oz gin",spirit,high,1,"regex:\b(rum|tequila|whiskey|whisky|bourbon|gi","Singapore Sling"
"05 oz cherry heering",sweet,low,1,"regex:\b(peach|raspberry|strawberry|strawberri","Singapore Sling"
"025 oz benedictine",amaro_liqueur,medium,1,"regex:\b(amaro|chartreuse|maraschino|benedicti","Singapore Sling"
"025 oz cointreau",amaro_liqueur,medium,1,"regex:\b(amaro|chartreuse|maraschino|benedicti","Singapore Sling"
"4 oz pineapple juice",modifier,medium,1,"regex:\b(juice|nectar|water|cola|beer|lager|st","Singapore Sling"
"05 oz lime juice",sour,high,1,"regex:\b(lemon|lime|orange|grapefruit|yuzu|ver","Singapore Sling"
"033 oz grenadine",sweet,medium,1,"regex:\b(sirup|nectar|cordial|grenadine)\b","Singapore Sling"
"1 dash angostura bitters",bitter,high,1,"regex:\bbitters\b","Singapore Sling"
"soda water top",modifier,medium,1,"regex:\b(soda|tonic|ginger\s*beer|ginger\s*ale","Singapore Sling"
"2 oz pimms no 1",amaro_liqueur,high,1,"exact:pimms no 1","Pimm's Cup"
"4 oz ginger ale or lemonade",modifier,medium,1,"regex:\b(soda|tonic|ginger\s*beer|ginger\s*ale","Pimm's Cup"
"1 lemon wedge",sour,high,1,"regex:\b(lemon|lime|orange|grapefruit|yuzu|ver","Pimm's Cup"
"1 cucumber spear",aromatic,medium,1,"regex:\b(chili|chile|red\s*chili|pepper\s*flak","Pimm's Cup"
"70ml2fl oz vodka",spirit,high,1,"regex:\b(rum|tequila|whiskey|whisky|bourbon|gi","Dirty Martini"
"1 tbsp dry vermouth",vermouth,high,1,"regex:\bvermouth\b","Dirty Martini"
"2 tbsp olive brine",aromatic,medium,1,"regex:\b(chili|chile|red\s*chili|pepper\s*flak","Dirty Martini"
"1 wedge lemon",sour,low,1,"regex:\b(lemon|lime|orange|grapefruit|cranberr","Dirty Martini"
"2 oz bourbon",spirit,high,1,"regex:\b(rum|tequila|whiskey|whisky|bourbon|gi","Old-Fashioned"
"2 dashes angostura bitters",bitter,high,1,"regex:\bbitters\b","Old-Fashioned"
"splash of water",modifier,medium,1,"regex:\b(juice|nectar|water|cola|beer|lager|st","Old-Fashioned"
"2 oz gin",spirit,high,1,"regex:\b(rum|tequila|whiskey|whisky|bourbon|gi","Martini"
"05 oz dry vermouth",vermouth,high,1,"regex:\bvermouth\b","Martini"
"2 oz white rum",spirit,high,1,"regex:\b(rum|tequila|whiskey|whisky|bourbon|gi","Daiquiri"
"075 oz lime juice",sour,high,1,"regex:\b(lemon|lime|orange|grapefruit|yuzu|ver","Daiquiri"
"2 oz cognac",spirit,high,1,"regex:\b(rum|tequila|whiskey|whisky|bourbon|gi","Sidecar"
"075 oz orange liqueur",amaro_liqueur,medium,1,"regex:\bliqueur\b","Sidecar"
"075 oz lemon juice",sour,high,1,"regex:\b(lemon|lime|orange|grapefruit|yuzu|ver","Sidecar"
"2 oz hakushu 12-yr japanese whisky",spirit,high,1,"regex:\b(rum|tequila|whiskey|whisky|bourbon|gi","Whisky Highball"
"4 oz cold seltzer",modifier,medium,1,"regex:\b(juice|nectar|water|cola|beer|lager|st","Whisky Highball"
"2 oz sherry",spirit,high,1,"exact:sherry","Flip"
"025 oz gum syrup",sweet,medium,1,"regex:\bsyrup\b|\bnectar\b|\bcordial\b","Flip"
"absolut vodka",spirit,high,1,"regex:\b(rum|tequila|whiskey|whisky|bourbon|gi","AT&T"
"strawberry schnapps",sweet,low,1,"regex:\b(peach|raspberry|strawberry|strawberri","Affair"
"pisang ambon",amaro_liqueur,medium,1,"exact:pisang ambon","Avalon"
"peach nectar",sweet,medium,1,"regex:\bsyrup\b|\bnectar\b|\bcordial\b","Abilene"
"creme de mure",amaro_liqueur,high,1,"exact:creme de mure","Bramble"
"hot chocolate",modifier,medium,1,"exact:hot chocolate","Brigadier"
"wormwood",amaro_liqueur,medium,1,"exact:wormwood","Broadside"
"mountain dew",modifier,medium,1,"exact:mountain dew","Brain Fart"
"anejo rum",spirit,high,1,"regex:^(white|gold|dark|spiced|aged|silver|añe","Corn n Oil"
"blackstrap rum",spirit,high,1,"regex:\b(rum|tequila|whiskey|whisky|bourbon|gi","Corn n Oil"
"vanilla",aromatic,high,1,"exact:vanilla","Coffee-Vodka"
"caramel coloring",modifier,medium,1,"exact:caramel coloring","Coffee-Vodka"
"cider",modifier,high,1,"exact:cider","Diesel"
"blackcurrant cordial",sweet,medium,1,"regex:\bsyrup\b|\bnectar\b|\bcordial\b","Diesel"
"demerara sugar",sweet,medium,1,"regex:\b(honey|agave|sugar)\b","Dark Caipirinha"
"pineapple syrup",sweet,medium,1,"regex:\bsyrup\b|\bnectar\b|\bcordial\b","Duchamp's Punch"
"st germain",amaro_liqueur,high,1,"exact:st germain","Duchamp's Punch"
"lavender",aromatic,high,1,"exact:lavender","Duchamp's Punch"
"dubonnet rouge",amaro_liqueur,medium,1,"exact:dubonnet rouge","Dubonnet Cocktail"
"rose",sweet,low,1,"regex:\b(peach|raspberry|strawberry|strawberri","Frosé"
"figs",sweet,low,1,"regex:\b(peach|raspberry|strawberry|strawberri","Figgy Thyme"
"thyme",aromatic,high,1,"exact:thyme","Figgy Thyme"
"apricot nectar",sweet,medium,1,"regex:\bsyrup\b|\bnectar\b|\bcordial\b","Funk and Soul"
"pomegranate juice",modifier,high,1,"exact:pomegranate juice","Funk and Soul"
"lillet",vermouth,high,1,"exact:lillet","French Negroni"
"firewater",spirit,medium,1,"exact:firewater","Fahrenheit 5000"
"absolut peppar",spirit,medium,1,"exact:absolut peppar","Fahrenheit 5000"
"dr pepper",modifier,medium,1,"exact:dr pepper","Flaming Dr. Pepper"
"sarsaparilla",modifier,medium,1,"exact:sarsaparilla","Flander's Flake-Out"
"peach vodka",spirit,high,1,"regex:\b(rum|tequila|whiskey|whisky|bourbon|gi","Gagliardo"
"sirup of roses",amaro_liqueur,medium,1,"exact:sirup of roses","Gagliardo"
"whisky",spirit,high,1,"exact:whisky","H.D."
"cherry juice",modifier,medium,1,"regex:\b(juice|nectar|water|cola|beer|lager|st","Halloween Punch"
"red chili flakes",aromatic,medium,1,"regex:\b(chili|chile|red\s*chili|pepper\s*flak","Halloween Punch"
"corn syrup",sweet,medium,1,"regex:\bsyrup\b|\bnectar\b|\bcordial\b","Homemade Kahlua"
"iced tea",modifier,high,1,"exact:iced tea","Ice Pick"
"condensed milk",modifier,medium,1,"regex:\b(cream|milk|egg|yolk|albumen)\b","Irish Cream"
"coconut syrup",sweet,medium,1,"regex:\bsyrup\b|\bnectar\b|\bcordial\b","Irish Cream"
"chocolate syrup",sweet,medium,1,"regex:\bsyrup\b|\bnectar\b|\bcordial\b","Irish Cream"
"peach brandy",spirit,high,1,"regex:\b(rum|tequila|whiskey|whisky|bourbon|gi","Irish Spring"
"guinness stout",modifier,medium,1,"regex:\b(juice|nectar|water|cola|beer|lager|st","Irish Russian"
"tennessee whiskey",spirit,high,1,"regex:\b(rum|tequila|whiskey|whisky|bourbon|gi","Jack's Vanilla Coke"
"grain alcohol",spirit,medium,1,"exact:grain alcohol","Karsk"
"kiwi liqueur",amaro_liqueur,medium,1,"regex:\bliqueur\b","Kiwi Lemon"
"bitter lemon",sour,low,1,"regex:\b(lemon|lime|orange|grapefruit|cranberr","Kiwi Lemon"
"absolut kurant",spirit,medium,1,"exact:absolut kurant","Kurant Tea"
"cranberry vodka",spirit,high,1,"regex:\b(rum|tequila|whiskey|whisky|bourbon|gi","Kiss me Quick"
"apfelkorn",amaro_liqueur,medium,1,"exact:apfelkorn","Kiss me Quick"
"tia maria",amaro_liqueur,high,1,"exact:tia maria","Lord And Lady"
"hot sauce",aromatic,high,1,"exact:hot sauce","Michelada"
"soy sauce",modifier,medium,1,"exact:soy sauce","Michelada"
"ricard",amaro_liqueur,high,1,"exact:ricard","Mauresque"
"pina colada mix",modifier,medium,1,"exact:pina colada mix","Miami Vice"
"daiquiri mix",modifier,medium,1,"exact:daiquiri mix","Miami Vice"
"cucumber",aromatic,high,1,"exact:cucumber","Munich Mule"
"cocoa powder",modifier,medium,1,"exact:cocoa powder","Mocha-Berry"
"absolut citron",spirit,medium,1,"exact:absolut citron","New York Lemonade"
"oreo cookie",modifier,medium,1,"exact:oreo cookie","Oreo Mudslide"
"butterscotch schnapps",amaro_liqueur,medium,1,"exact:butterscotch schnapps","Oatmeal Cookie"
"orange curacao",amaro_liqueur,high,1,"exact:orange curacao","Pegu Club"
"islay single malt scotch",spirit,high,1,"regex:\b(rum|tequila|whiskey|whisky|bourbon|gi","Penicillin"
"coconut milk",modifier,high,1,"exact:coconut milk","Pina Colada"
"passoa",amaro_liqueur,medium,1,"exact:passoa","Pure Passion"
"passion fruit syrup",sweet,medium,1,"regex:\bsyrup\b|\bnectar\b|\bcordial\b","Pure Passion"
"cherry liqueur",amaro_liqueur,medium,1,"regex:\bliqueur\b","Popped cherry"
"green creme de menthe",amaro_liqueur,high,1,"exact:green creme de menthe","Port And Starboard"
"pink lemonade",modifier,medium,1,"regex:\b(juice|nectar|water|cola|beer|lager|st","Pink Panty Pulldowns"
"coffee brandy",spirit,high,1,"regex:\b(rum|tequila|whiskey|whisky|bourbon|gi","Queen Bee"
"lime vodka",spirit,high,1,"regex:\b(rum|tequila|whiskey|whisky|bourbon|gi","Queen Bee"
"black sambuca",amaro_liqueur,medium,1,"exact:black sambuca","Quick-sand"
"raspberry vodka",spirit,high,1,"regex:\b(rum|tequila|whiskey|whisky|bourbon|gi","Raspberry Cooler"
"lime peel",aromatic,high,1,"exact:lime peel","Rum Old-fashioned"
"amaro montenegro",amaro_liqueur,high,1,"exact:amaro montenegro","Snowday"
"ruby port",amaro_liqueur,medium,1,"exact:ruby port","Snowday"
"blood orange",sour,low,1,"regex:\b(lemon|lime|orange|grapefruit|cranberr","Snowday"
"allspice",aromatic,high,1,"exact:allspice","Spice 75"
"advocaat",amaro_liqueur,medium,1,"exact:advocaat","Snowball"
"godiva liqueur",amaro_liqueur,medium,1,"regex:\bliqueur\b","Sweet Tooth"
"anisette",amaro_liqueur,medium,1,"exact:anisette","Sol Y Sombra"
"cherries",sweet,low,1,"regex:\b(peach|raspberry|strawberry|strawberri","Space Odyssey"
"fresca",modifier,medium,1,"exact:fresca","Sweet Sangria"
"brown sugar",sweet,high,1,"exact:brown sugar","Tia-Maria"
"wild turkey",,unknown,1,"no-match","Turkeyball"
"rosso vermouth",vermouth,high,1,"exact:rosso vermouth","The Laverstoke"
"melon liqueur",amaro_liqueur,medium,1,"regex:\bliqueur\b","The Philosopher"
"yukon jack",,unknown,1,"no-match","Texas Rattlesnake"
"maple syrup",sweet,high,1,"exact:maple syrup","Van Vleet"
"limeade",,unknown,1,"no-match","Vodka Fizz"
"grape juice",modifier,medium,1,"regex:\b(juice|nectar|water|cola|beer|lager|st","Victory Collins"
"white wine",amaro_liqueur,medium,1,"regex:\b(prosecco|champagne|cava|sparkling win","White Wine Sangria"
"cream of coconut",modifier,medium,1,"regex:\b(cream|milk|egg|yolk|albumen)\b","Whitecap Margarita"
"peachtree schnapps",amaro_liqueur,medium,1,"regex:\bschnapps\b","Zinger"
"gold rum",spirit,high,1,"regex:^(white|gold|dark|spiced|aged|silver|añe","Zombie"
"pernod",amaro_liqueur,high,1,"exact:pernod","Zombie"
"curacao",amaro_liqueur,high,1,"exact:curacao","Brandy Crusta"
"celery salt",aromatic,medium,1,"regex:\b(chili|chile|red\s*chili|pepper\s*flak","Bloody Mary"
"black pepper",aromatic,high,1,"exact:black pepper","Bloody Mary"
"cynar",amaro_liqueur,high,1,"exact:cynar","Rabo de Galo"
"aguardiente",spirit,high,1,"exact:aguardiente","Canchanchara"
"cola",modifier,high,1,"exact:cola","Fernandito"
"basil leaves",aromatic,medium,1,"regex:\b(twist|peel|garnish|sprig|leaf|leaves)","Gin Basil Smash"
"overproof white rum",spirit,high,1,"regex:\b(rum|tequila|whiskey|whisky|bourbon|gi","Illegal"
"demerara syrup",sweet,high,1,"exact:demerara syrup","Jungle Bird"
"gum arabic",,unknown,1,"no-match","Pisco Punch"
"palo cortado sherry",,unknown,1,"no-match","Sherry Cobbler"
"mint leaves",aromatic,high,1,"exact:mint leaves","South Side"
"vanilla vodka",spirit,high,1,"regex:\b(rum|tequila|whiskey|whisky|bourbon|gi","Spicy Fifty"
"red chili pepper",aromatic,medium,1,"regex:\b(chili|chile|red\s*chili|pepper\s*flak","Spicy Fifty"
"grappa",spirit,high,1,"exact:grappa","Ve.n.to"
"chamomile cordial",sweet,medium,1,"regex:\bsyrup\b|\bnectar\b|\bcordial\b","Ve.n.to"
"scotch whisky",spirit,high,1,"exact:scotch whisky","Rob Roy"